"Id";"Référence";"Empreinte";"Quantité";"Désignation";"Fournisseur et réf";
1;"C5,C3";"C_0805_2012Metric";2;"4,7µF";;;
2;"connecteur_batterie1";"S2B_PH_connecteur_batt";1;"S2B-PH-K-S_LF__SN_";;;
3;"R8,R7";"R_0805_2012Metric";2;"10kR";;;
4;"connecteur_JTAG1";"61202021621";1;"AVR-JTAG-10";;;
5;"C7";"C_0805_2012Metric";1;"2,2µF";;;
6;"C4";"C_0805_2012Metric";1;"100nF";;;
7;"R9";"R_0805_2012Metric";1;"470R";;;
8;"R3,R4,R2,R5";"R_0805_2012Metric";4;"100R";;;
9;"R6,R1";"R_0805_2012Metric";2;"2kR";;;
10;"C2";"C_0805_2012Metric";1;"0,1µF";;;
11;"micro_controleur1";"MODULE_ESP32-WROOM-32D";1;"ESP32-WROOM-32D";;;
12;"LDO1";"SON65P200X200X80-7N_LDO";1;"TLV76733DRVx";;;
13;"C1";"C_0805_2012Metric";1;"10µF";;;
14;"REF**";"LED_RGB_Lumex_SML-LXT0805SIUGUBW";1;"LED_RGB_Lumex_SML-LXT0805SIUGUBW";;;
15;"Gestion_batt1";"MPC_gestion_batt";1;"MCP";;;
16;"C6";"C_0805_2012Metric";1;"1µF";;;
17;"USB-connector1";"CUI_UJ32-C-H-G-SMT-TR_usb_connecteur";1;"UJ32-C-H-G-SMT-T";;;
18;"Rocker SWITCH ON/OFF2";"471NS04268840_1_5_";1;"471NS04268840";;;
19;"Capteur_de_temperature1";"Aosong_DHT11_5.5x12.0_P2.54mm_capteur_temperature";1;"~";;;
